"","company.name","company.code"
"1","BANCO DO BRASIL S.A.",1023
"2","ALPARGATAS SA",10456
"3","SARAIVA SA LIVREIROS EDITORES",10472
"4","SERGEN SERVS GERAIS DE ENG SA",10596
"5","SONDOTECNICA ENGENHARIA DE SOLOS S/A.",10880
"6","SPRINGER SA",10960
"7","WLM INDÚSTRIA E COMÉRCIO S.A.",11070
"8","BANCO DO ESTADO DE SERGIPE SA",1120
"9","TECNOSOLO S/A - EM RECUPERAÇÃO JUDICIAL",11207
"10","TECBLU - TECELAGEM BLUMENAU S/A.",11215
"11","TEKA TECELAGEM KUEHNRICH SA - EM RECUPERAÇÃO JUDICIAL",11223
"12","TEKNO S.A. INDÚSTRIA E COMÉRCIO",11231
"13","TELEC. BRASILEIRAS S.A. - TELEBRÁS",11258
"14","OI S.A. - EM RECUPERAÇÃO JUDICIAL",11312
"15","TELEMAR NORTE LESTE SA",11320
"16","CRISTAL PIGMENTOS DO BRASIL S.A.",11398
"17","BANESTES SA BANCO DO ESTADO DO ESPIRITO SANTO",1155
"18","UNIPAR CARBOCLORO S.A.",11592
"19","BANCO DO ESTADO DO PARÁ S/A.",1171
"20","VULCABRAS|AZALEIA S.A.",11762
"21","WEMBLEY SOCIEDADE ANÔNIMA",11800
"22","IOCHPE-MAXION SA",11932
"23","AZEVEDO & TRAVASSOS SA",11975
"24","WETZEL S.A. EM RECUPERAÇÃO JUDICIAL",11991
"25","BANCO DO ESTADO DO RIO GRANDE DO SUL SA",1210
"26","BOMBRIL SA",12190
"27","COSTA PINTO S.A.",12220
"28","JPSP INVESTIMENTOS E PARTICIPAÇÕES S.A.",12262
"29","BANCO DO NORDESTE DO BRASIL SA",1228
"30","INDS J B DUARTE SA",12319
"31","ITAUTEC S.A. - GRUPO ITAUTEC",12530
"32","RECRUSUL SA",12572
"33","KLABIN S.A.",12653
"34","SANSUY SA INDÚSTRIA  DE PLASTICOS",12696
"35","FIBRIA CELULOSE S.A.",12793
"36","SIDERURGICA J L ALIPERTI SA",12823
"37","RIMET EMPREEND. INDS. E COMERCIAIS S/A",12840
"38","CONST SULTEPA SA - EM RECUPERAÇÃO JUDICIAL",13030
"39","BANCO MERCANTIL DE INVESTIMENTOS S.A.",1309
"40","BANCO MERCANTIL BRASIL SA",1325
"41","JOSAPAR- JOAQUIM OLIVEIRA S/A PARTICIP",13285
"42","HAGA S.A. INDÚSTRIA E COMÉRCIO",13366
"43","ÉVORA S.A.",13412
"44","METALURGICA RIOSULENSE SA",13439
"45","POLPAR S.A.",13447
"46","PLASCAR PARTICIPAÇÕES INDUSTRIAIS S.A",13471
"47","MINUPAR PARTICIPACOES SA",13765
"48","PBG S/A",13773
"49","SÃO CARLOS EMPREENDS E PARTICIPAÇÕES S.A",13781
"50","BANCO ALFA DE INVESTIMENTO SA",1384
"51","CEMEPE INVESTIMENTOS SA",13854
"52","SUZANO PAPEL E CELULOSE SA",13986
"53","YARA BRASIL FERTILIZANTES",140
"54","VALE FERTILIZANTES S.A.",14028
"55","BFB LEASING S.A. ARRENDAMENTO MERCANTIL",14052
"56","RANDON S.A. IMPLEMENTOS E PARTICIPAÇÕES",14109
"57","TEC TOY S/A",14133
"58","ELETROPAULO METROPOLITANA EL.S.PAULO S.A",14176
"59","BRB-BANCO DE BRASILIA SA",14206
"60","DIBENS LEASING S.A.- ARREND. MERCANTIL",14214
"61","SNB PARTICIPACOES SA",14303
"62","COMPANHIA PARANAENSE DE ENERGIA",14311
"63","USINAS SIDERURGICAS DE MINAS GERAIS SA",14320
"64","WHIRLPOOL S.A",14346
"65","CIA ENERGÉTICA DE PERNAMBUCO - CELPE",14362
"66","WIEST SA",NA
"67","CIA SANEAMENTO BÁSICO ESTADO SÃO PAULO",14443
"68","COMPANHIA ENERGÉTICA DE BRASÍLIA - CEB",14451
"69","CYRELA BRAZIL REALTY SA EMPRS E PARTS",14460
"70","CIA ELETRICIDADE DA BAHIA",14524
"71","VBC ENERGIA SA",14540
"72","M&G POLIÉSTER SA",14559
"73","ENERGISA MATO GROSSO - DISTRIBUIDORA DE ENERGIA S.A.",14605
"74","NEUMARKT TRADE AND FINANCIAL CENTER S/A",14613
"75","NET SERVIÇOS DE COMUNICAÇÃO S.A.",14621
"76","SCHULZ SA",14664
"77","PARCOM PARTICIPACOES SA",14680
"78","CIA HERING",14761
"79","FORPART S.A. - EM LIQUIDAÇÃO",14796
"80","CIMS SA",14818
"81","COMPANHIA BRASILEIRA DE DISTRIBUIÇÃO",14826
"82","HAUSCENTER SA",14850
"83","CIA ENERG CEARA - COELCE",14869
"84","GTD PARTICIPACOES SA",14915
"85","SANTHER FAB.DE PAPEL SANTA THEREZINHA SA",14923
"86","DIXIE TOGA SA",14931
"87","LITEL PARTICIPACOES SA",15091
"88","CCB BRASIL ARRENDAMENTO MERCANTIL S/A",15121
"89","BARDELLA SA INDS MECANICAS",1520
"90","ENERGISA SA",15253
"91","SAUIPE SA",15261
"92","RUMO MALHA NORTE S.A.",15300
"93","BOMBRIL HOLDING SA",15334
"94","ESPIRITO SANTO CENTRAIS ELETRICAS SA",15342
"95","FERROVIA CENTRO ATLANTICA SA",15369
"96","HOPI HARI SA",15377
"97","TERMINAIS PORT. DA PONTA DO FÉLIX S/A",15407
"98","ATOM EMPREENDIMENTOS E PARTICIPAÇÕES S.A.",15423
"99","BATTISTELLA ADM E PARTICIPAÇÕES S A",15458
"100","NEOENERGIA S.A",15539
"101","BAUMER SA",1562
"102","COMPANHIA DE GÁS DE SÃO PAULO - COMGÁS",15636
"103","GRUÇAI PARTICIPAÇÕES SA",15695
"104","EXCELSIOR ALIMENTOS SA.",1570
"105","RUMO MALHA SUL S.A.",15709
"106","SHOPPING CENTER TACARUNA SA",15733
"107","ELETROBRÁS PARTICIPAÇÕES S.A. - ELETROPAR",15784
"108","ITAITINGA PARTICIPACOES SA",15865
"109","GAFISA SA",16101
"110","AMERICEL SA",16195
"111","ELETRON SA",16209
"112","VALETRON SA",16225
"113","BELAPART SA",16233
"114","524 PARTICIPAÇOES SA",16284
"115","BRF S.A.",16292
"116","ROSSI RESIDENCIAL SA",16306
"117","521 PARTICIPAÇOES S.A. - EM LIQUIDAÇÃO EXTRAJUDICIAL",16330
"118","CIA ESTADUAL DE ÁGUAS E ESGOTOS - CEDAE",16373
"119","TAM S.A.",16390
"120","SUL 116 PARTICIPAÇÕES S.A.",16438
"121","NUMERAL 80 PARTICIPAÇÕES S.A.",16446
"122","EMP.NAC. DE COMÉRCIO, RÉDITO E PART. S.A. - ENCORPAR",16497
"123","RGE SUL DISTRIBUIDORA DE ENERGIA S.A.",16527
"124","RIO GRANDE ENERGIA SA",16535
"125","WTC RIO EMPREEND. E PARTICIPAÇÕES S.A.",16551
"126","BONAIRE PARTICIPAÇOES SA",16560
"127","SUDESTE SA",16586
"128","COMPANHIA ENERGÉTICA DO MARANHÃO CEMAR",16608
"129","CIA. DISTRIB. DE GÁS DO RIO DE JANEIRO",16616
"130","UPTICK PARTICIPACOES SA",16624
"131","GPC PARTICIPACOES SA",16632
"132","PORTO SEGURO SA",16659
"133","LIGA FUTEBOL SA",16691
"134","ALEF SA",16705
"135","INEPAR ENERGIA SA",16730
"136","BNDES PARTICIPAÇÕES S.A. - BNDESPAR",16772
"137","PRÓ METALURGIA SA - EM LIQUIDAÇÃO EXTRAJUDICIAL",1686
"138","CIA CAT. DE ÁGUAS E SANEAMENTO - CASAN",16861
"139","BICICLETAS MONARK SA",1694
"140","OPPORTUNITY ENERGIA E PARTICIPAÇÕES S.A.",16942
"141","DALETH PARTICIPAÇÕES SA - EM LIQUIDAÇÃO",16950
"142","EDP SÃO PAULO DISTRIBUIÇÃO DE ENERGIA S.A.",16985
"143","EMAE-EMP.METROPOLITANA ÁGUAS ENERGIA S.A",16993
"144","ENGIE BRASIL ENERGIA S.A.",17329
"145","RET PARTICIPAÇÕES S/A",17337
"146","ZAIN PARTICIPAÇÕES S/A",17361
"147","FUTURETEL SA",17388
"148","TELINVEST SA",17418
"149","LONGDIS SA",17434
"150","LF TEL SA",17442
"151","RUMO S.A.",17450
"152","ELEKTRO REDES S.A.",17485
"153","CAPITALPART PARTICIPAÇÕES SA",17493
"154","NEWTEL PARTICIPACOES SA",17540
"155","INNCORP S.A.",17558
"156","CONCES DA ROD OSÓRIO-POA S/A - CONCEPA",17590
"157","TELE NORTE CELULAR PARTICIPAÇÕES SA",17604
"158","TIM PARTICIPAÇÕES SA",17639
"159","EMBRATEL PARTICIPAÇÕES SA",17647
"160","TELE NORTE LESTE PARTICIPAÇÕES SA",17655
"161","TELEFÔNICA BRASIL S.A.",17671
"162","VIVO PARTICIPAÇÕES SA",17710
"163","CBCC PARTICIPAÇÕES SA",NA
"164","MAORI SA",17779
"165","SUBESTAÇÃO ELETROMETRÔ S/A",17787
"166","BETAPART PARTICIPAÇÕES SA",17884
"167","SANTOS BRASIL PARTICIPAÇÕES S.A.",17892
"168","PEARSON SISTEMAS DO BRASIL S.A.",NA
"169","MMX MINERAÇÃO E METÁLICOS S.A. - EM RECUPERAÇÃO JUDICIAL",17914
"170","BRAZILIAN FINANCE & REAL ESTATE S.A.",17922
"171","RUMO MALHA PAULISTA S.A.",17930
"172","MRS LOGÍSTICA S/A",17949
"173","GAMA PARTICIPAÇÕES S.A.",17965
"174","KROTON EDUCACIONAL S.A.",17973
"175","ALTERE SECURITIZADORA S.A.",18066
"176","ALIUM PARTICIPAÇÕES SA",18082
"177","AETATIS SECURITIZADORA S.A.",18104
"178","COMPANHIA DE BEBIDAS DAS AMÉRICAS-AMBEV",18112
"179","CIA ENERGÉTICA DO RIO GRANDE DO NORTE",18139
"180","PÁTRIA COMPANHIA SECURITIZADORA DE CRÉDITOS IMOBILIÁRIOS",18236
"181","RASIP AGRO PASTORIL SA",18279
"182","CIBRASEC CIA BRASILEIRA DE SECURITIZAÇÃO",18287
"183","CENTRAIS ELÉTRICAS DO PARÁ S.A. - CELPA",18309
"184","PROMPT PARTICIPAÇÕES S.A.",18333
"185","AES TIETE SA",18350
"186","RIO PARANAPANEMA ENERGIA SA",18368
"187","CTEEP-CIA TRANSM ENERGIA ELÉTR. PAULISTA",18376
"188","RB CAPITAL COMPANHIA DE SECURITIZAÇÃO",18406
"189","IDEIASNET SA",18414
"190","REAL AI PIC SECURITIZADORA DE CREDITOS IMOBILIARIOS S.A.",18430
"191","ULTRAPAR PARTICIPAÇÕES SA",18465
"192","CLARION S/A AGROINDUSTRIAL",18490
"193","TERMINAL GARAGEM MENEZES CORTES SA",18538
"194","COMPANHIA DE ÁGUA E ESGOTO DO CEARÁ",18546
"195","INVESTCO S/A",18589
"196","DTCOM - DIRECT TO COMPANY S.A.",18597
"197","CIA. DE SANEAMENTO DO PARANÁ - SANEPAR",18627
"198","PRIVATINVEST PARTICIPAÇÕES SA",18635
"199","ARAUCÁRIA PARTICIPAÇÕES SA",18651
"200","CPFL ENERGIA SA",18660
"201","TELEMAR PARTICIPAÇÕES SA",18678
"202","CIA DE PARTICIPAÇÕES ALIANÇA DA BAHIA",18708
"203","CEMIG TELECOMUNICAÇÕES S/A",18716
"204","BRADESPAR S/A",18724
"205","BRAZILIAN SECURITIES CIA SECURITIZAÇÃO",18759
"206","INVEST.E PART.EM INFRA-ESTR.S/A-INVEPAR",18775
"207","CCR S.A.",18821
"208","VICUNHA SIDERURGIA SA",18902
"209","CPFL GERAÇÃO DE ENERGIA S/A",18953
"210","ANHANGUERA EDUCACIONAL PARTICIPAÇÕES S.A.",18961
"211","AES TIETÊ ENERGIA S.A",18970
"212","VOTORANTIM FINANÇAS SA",18988
"213","ENERGISA SERGIPE - DISTRIBUIDORA DE ENERGIA S/A",18996
"214","EMPR. CONCESS. DE RODOVIAS DO NORTE S.A.",19011
"215","BROOKFIELD SÃO PAULO EMPREENDIMENTOS IMOBILIÁRIOS S.A.",19046
"216","ANDRADE GUTIERREZ PARTICIPAÇÕES SA",19062
"217","DOMMO EMPREENDIMENTOS IMOBILIÁRIOS S.A.",19070
"218","COARI PARTICIPAÇÕES SA",19089
"219","CAIANDA PARTICIPAÇÕES SA",19097
"220","LIQ PARTICIPAÇÕES S.A.",19100
"221","CABINDA PARTICIPAÇÕES SA",19119
"222","CACONDE PARTICIPAÇÕES SA",19135
"223","RODONORTE - CONC. ROD. INTEGRADAS S.A.",19151
"224","NOVAMARLIM PARTICIPAÇÕES S/A",NA
"225","SANEAMENTO DE GOIAS SA",19186
"226","NOVAMARLIM PETROLEO SA",NA
"227","CONCESSIONARIA RIO-TERESOPOLIS SA",19208
"228","CP CIMENTO E PARTICIPAÇÕES  S/A",19216
"229","NOVA AÇÃO PARTICIPAÇÕES S.A.",19224
"230","PRODUTORES ENERGETICOS DE MANSO SA",19232
"231","CIA DE RECUPERAÇÃO SECUNDÁRIA",19240
"232","QUATTOR PETROQUÍMICA S.A.",NA
"233","CIA PIRATININGA DE FORÇA E LUZ",19275
"234","BIOMM SA",19305
"235","AES ELPA SA",19313
"236","TPI - TRIUNFO PARTICIPACOES E INVESTIMENTOS S.A.",19330
"237","ITAÚ UNIBANCO HOLDING S.A.",19348
"238","REC SAO BERNARDO SECURITIZADORA DE CREDITOS IMOBILIARIOS S.A.",19356
"239","ITAPEBI GERAÇÃO DE ENERGIA S/A",19364
"240","BRPR 51 SECURITZADORA CRED IMOB SA",19372
"241","BRPR 53 SECURITZADORA CRED IMOB SA",19380
"242","CIA PROVINCIA DE SECURITIZAÇÃO CRED IMOB",19429
"243","ANDRADE GUTIERREZ CONCESSOES SA",19437
"244","COMPANHIA DE SANEAMENTO DE MINAS GERAIS",19445
"245","ECORODOVIAS INFRAESTRUTURA E LOGÍSTICA S.A.",19453
"246","BGPAR SA",19500
"247","PIPA CIA SECURITIZADORA DE CRÉDITOS IMOBILIÁRIOS",19518
"248","FIBRA CIA SECURITIZADORA CRED IMOB",19542
"249","NATURA COSMETICOS SA",19550
"250","GOL LINHAS AEREAS INTELIGENTES SA",19569
"251","CONCESSIONÁRIA RODOVIA PRESIDENTE DUTRA S/A",19577
"252","UNIVER CIDADE TRUST DE RECEBIVEIS SA",19585
"253","SANESALTO SANEAMENTO SA",19593
"254","BAESA-ENERGETICA BARRA GRANDE SA",19607
"255","GRENDENE SA",19615
"256","DIAGNOSTICOS DA AMERICA SA",19623
"257","INTERCEMENT BRASIL SA",19631
"258","BRADESCO LEASING S.A. - ARRENDAMENTO MERCANTIL",19640
"259","POMIFRUTAS S/A",19658
"260","BTG PACTUAL SECURITIZADORA S.A",19690
"261","BRASMOTOR SA",1970
"262","BI CIA SECURITIZADORA DE CREDITOS IMOBILIARIOS",19704
"263","BRAZIL REALTY CIA SECURITIZADORA DE CREDITOS IMOLIARIOS",19720
"264","LOCALIZA RENT A CAR SA",19739
"265","BETA SECURITIZADORA S/A",19747
"266","EDP ENERGIAS DO BRASIL S/A",19763
"267","ARTERIS S.A.",19771
"268","REC 844 SECURITIZADORA DE CRÉDITOS IMOBILIÁRIOS S.A.",19810
"269","COSAN SA INDUSTRIA E COMERCIO",19836
"270","SAFRA LEASING SA ARRENDAMENTO  MERCANTIL",19844
"271","TERMOPERNAMBUCO SA",19852
"272","RB CAPITAL SECURITIZADORA S.A.",19860
"273","LIGHT SA",19879
"274","UNIVERSO ONLINE SA",19887
"275","BRPR 45 SECURITZADORA CRED IMOB SA",19895
"276","BR MALLS PARTICIPAÇOES S.A.",19909
"277","TEMPO PARTICIPAÇOES S/A",19917
"278","BR PROPERTIES S.A.",19925
"279","ITAUSEG PARTICIPAÇÕES SA",19933
"280","BRPR 55 SECURITZADORA CRED IMOB SA",19941
"281","BRPR 52 SECURITZADORA CRED IMOB SA",19976
"282","BRPR 56 SECURITZADORA CRED IMOB SA",19984
"283","TOTVS S.A",19992
"284","XX DE NOVEMBRO INVESTIMENTOS E PARTICIPAÇÕES S.A",20001
"285","EQUATORIAL ENERGIA S/A",20010
"286","VALID SOLUÇÕES E SERVIÇOS DE SEGURANÇA EM MEIOS DE PAGAMENTO E IDENTIFICAÇÃO S.A.",20028
"287","BRASILAGRO CIA BRAS DE PROP AGRICOLAS",20036
"288","CSU CARDSYSTEM S/A",20044
"289","DINAMICA ENERGIA S/A",20052
"290","LUPATECH S/A - EM RECUPERAÇÃO JUDICIAL",20060
"291","UNI CIDADE SPTRUST DE RECEBÍVEIS SA",20079
"292","EMBRAER S.A.",20087
"293","ODONTOPREV S/A",20125
"294","BV LEASING - ARRENDAMENTO MERCANTIL S/A",20133
"295","CREMER SA",20141
"296","AFLUENTE GERAÇÃO DE ENERGIA ELÉTRICA S.A.",20150
"297","ÓLEO E GÁS PARTICIPAÇÕES S/A",20168
"298","CENTENNIAL ASSET PART. MINAS-RIO S/A",20176
"299","CCX CARVÃO DA COLOMBIA S.A.",20184
"300","CONCESSIONÁRIA DO SISTEMA ANHANGUERA-BANDEIRANTES S.A.",20192
"301","AMPLA INVESTIMENTOS E SERVIÇOS S/A",20214
"302","GAIA SECURITIZADORA S/A",20222
"303","TRANSMISSORA ALIANÇA DE ENERGIA ELÉTRICA S.A.",20257
"304","BROOKFIELD INCORPORAÇÕES S.A.",20265
"305","CEMIG DISTRIBUIÇÃO S/A",20303
"306","CEMIG GERAÇÃO E TRANSMISSÃO S/A",20320
"307","M DIAS BRANCO SA IND E COM DE ALIMENTOS",20338
"308","PROFARMA DISTRIB. PRODUTOS FARMACEUTICOS",20346
"309","TERRA SANTA AGRO S.A.",20354
"310","POSITIVO INFORMATICA SA",20362
"311","LPS BRASIL CONSULTORIA DE IMOVEIS S/A",20370
"312","BUETTNER SA IND E COMERCIO - EM RECUPERAÇÃO JUDICIAL",2038
"313","TC SECURITIES CIA DE SECURITIZAÇÃO",20389
"314","CONCESSIONARIA ECOVIAS DOS IMIGRANTES SA",20397
"315","ONE PROPERTIES S.A.",20419
"316","TECNISA S/A",20435
"317","RNI NEGÓCIOS IMOBILIÁRIOS S.A.",20451
"318","TFA SECURITIZADORA S/A",20460
"319","PDG REALTY SA EMPREENDIMENTOS E PARTS - EM RECUPERAÇÃO JUDICIAL",20478
"320","CAMARGO CORREA DESENVOLVIMENTO  IMOBILIARIO SA",20486
"321","IGUATEMI EMPRESA DE SHOPPING CENTERS S/A",20494
"322","TAIPE TRANCOSO EMPREENDIMENTOS S/A",20508
"323","SÃO MARTINHO SA",20516
"324","EVEN CONSTRUTORA E INCORPORADORA S/A",20524
"325","BANCO SANTANDER (BRASIL) S.A.",20532
"326","CPFL ENERGIAS RENOVÁVEIS S.A.",20540
"327","SANTANDER LEASING S.A. ARRENDAMENTO MERCANTIL",20559
"328","BANCO PINE S/A",20567
"329","JBS SA",20575
"330","JHSF PARTICIPAÇÕES SA",20605
"331","METALFRIO SOLUTIONS S/A",20613
"332","CAFE SOLUVEL BRASILIA SA",2062
"333","FERTILIZANTES HERINGER SA",20621
"334","CR2 EMPREENDIMENTOS IMOBILIÁRIOS S/A",20630
"335","CIA ESTADUAL DE DISTRIBUIÇÃO DE ENERGIA ELETRICA",20648
"336","BEMATECH  S/A",20656
"337","BRC SECURITIZADORA SA",20672
"338","BANCO SOFISA SA",20680
"339","VIVER INCORP. E CONSTRUTORA S.A.- EM RECUPERAÇÃO JUDICIAL",20702
"340","LOG-IN LOGISTICA INTERMODAL SA",20710
"341","PARANA BANCO S.A.",20729
"342","SLC AGRICOLA SA",20745
"343","MASSA FALIDA DO BANCO CRUZEIRO DO SUL S/A",20753
"344","EZ TEC EMPREEND. E PARTICIPAÇÕES S/A",20770
"345","MARFRIG GLOBAL FOODS SA",20788
"346","BANCO DAYCOVAL S.A.",20796
"347","TEGMA GESTÃO LOGÍSTICA SA",20800
"348","ISEC SECURITIZADORA S.A.",20818
"349","SETIBA PARTICIPAÇÕES S/A",20834
"350","MAGNESITA REFRATARIOS S.A.",20842
"351","ALLIS PARTICIPAÇÕES S.A.",20850
"352","HELBOR EMPREENDIMENTOS S/A",20877
"353","BANCO INDUSVAL S.A.",20885
"354","REDECARD S/A",20893
"355","BHG S.A. - BRAZIL HOSPITALITY GROUP",20907
"356","MRV ENGENHARIA E PARTICIPAÇÕES S/A",20915
"357","MINERVA S/A",20931
"358","BANCO ABC BRASIL S/A",20958
"359","SPRINGS GLOBAL PARTICIPAÇÕES S/A",20966
"360","COMPANHIA PROVIDENCIA IND E COMERCIO",20974
"361","MULTIPLAN EMP. IMOBILIARIOS S/A",20982
"362","B2W - COMPANHIA DIGITAL",20990
"363","CAMBUCI SA",2100
"364","GENERAL SHOPPING BRASIL SA",21008
"365","ESTACIO PARTICIPAÇÕES SA",21016
"366","CONCESSIONARIA DE RODOVIAS DO OESTE DE SP-VIA OESTE SA",21024
"367","ALGAR TELECOM S/A",21032
"368","CYRELA COMMERCIAL PROPERTIES SA EMP  PART",21040
"369","MATONE SECURITIZADORA S/A",21059
"370","MOURA DUBEUX ENGENHARIA S/A",21067
"371","VISION SECURITIZADORA",21075
"372","DURATEX S.A.",21091
"373","NOVA SECURITIZAÇÃO S/A",21105
"374","CHINA CONSTRUCTION BANK(BRASIL) BANCO MÚLTIPLO S.A.",21113
"375","SUL AMERICA S/A",21121
"376","TRISUL S/A",21130
"377","CONSTRUTORA TENDA S/A",21148
"378","J.MACEDO S/A",21156
"379","AMIL PARTICIPAÇÕES S/A",21172
"380","BRASIL BROKERS PARTICIPAÇÕES SA",21180
"381","BANCO PAN SA",21199
"382","ENEVA S.A.",21237
"383","CENTENNIAL ASSET PARTICIPAÇÕES AÇU SA",21245
"384","MOENA PARTICIPAÇÕES S/A",NA
"385","MONTICIANO PARTICIPAÇÕES S/A",21261
"386","ALIANSCE SHOPPING CENTERS S/A",21300
"387","NUTRIPLANT INDUSTRIA E COMÉRCIO S/A",21334
"388","OSX BRASIL S.A. - EM RECUPERAÇÃO JUDICIAL",21342
"389","DIRECIONAL ENGENHARIA SA",21350
"390","COMPANHIA CELG DE PARTICIPAÇÕES",21393
"391","BRZ INVESTIMENTOS S/A",21415
"392","HYPERA S/A",21431
"393","RESTOQUE COMÉRCIO E CONFECÇÕES DE ROUPAS SA",21440
"394","PRUMO LOGÍSTICA S.A.",21482
"395","ALUPAR INVESTIMENTO S/A",21490
"396","ÁQUILLA SECURITIZADORA SA",21512
"397","UNIDAS S/A",21555
"398","BERNA PARTICIPAÇÕES SA",21563
"399","BALADARE PARTICIPAÇÕES S/A",NA
"400","BRT HOLDING 1 SA",21580
"401","COPACABANA PRINCE PARTICIPAÇÕES S.A.",21598
"402","BASEL PARTICIPAÇÕES S/A",21601
"403","B3 S.A. - BRASIL, BOLSA, BALCÃO",21610
"404","HABITASEC SECURITIZADORA SA",21628
"405","RENOVA ENERGIA S/A",21636
"406","PDG COMPANHIA SECURITIZADORA - EM RECUPERAÇÃO JUDICIAL",21644
"407","CTX PARTICIPAÇÕES S/A - EM LIQUIDAÇÃO",21652
"408","INVITEL LEGACY SA",21687
"409","TARPON INVESTIMENTOS S/A",21717
"410","ADVANCED DIGITAL HEALTH MEDICINA PREVENTIVA S.A.",21725
"411","CIELO S.A.",21733
"412","ECO. SEC. DTOS. CREDIT. AGRONEGÓCIOS S/A",21741
"413","INFRASEC SECURITIZADORA S/A",21750
"414","PORTX OPERAÇÕES PORTUÁRIAS S.A.",21776
"415","EBX BRASIL SA",21784
"416","CETIP S.A. - MERCADOS ORGANIZADOS",21792
"417","AUTOVIAS S/A",21822
"418","CONCESSIONARIA DE RODOVIAS DO INTERIOR PAULISTA S/A",21849
"419","CENTROVIAS-SISTEMAS RODOVIARIOS S/A",21857
"420","BRAZAL - BRASIL ALIMENTOS S.A.",21865
"421","FLEURY SA",21881
"422","ECORODOVIAS CONCESSÕES E SERVIÇOS S/A",21903
"423","AGRE EMPREENDIMENTOS IMOBILIÁRIOS SA",NA
"424","BARIGUI SECURITIZADORA SA",21920
"425","MULTIPLUS SA",21946
"426","AUTOPISTA PLANALTO SUL SA",21970
"427","AUTOPISTA FERNÃO DIAS SA",21989
"428","MILLS ESTRUTURAS E SERVIÇOS DE ENGENHARIA S/A",22012
"429","JSL S.A.",22020
"430","BOLERO PARTICIPAÇÕES SA",22039
"431","DUXXI IMOBILIÁRIA S.A.",22047
"432","MARISA LOJAS SA",22055
"433","CONCESSIONÁRIA ROTA DAS BANDEIRAS S/A",22071
"434","COMPANHIA PAULISTA DE SECURITIZAÇÃO",22080
"435","REDENTOR ENERGIA S/A",22128
"436","TEREOS INTERNACIONAL S/A",22136
"437","CONCESSÃO METROVIÁRIA DO RIO DE JANEIRO SA",22144
"438","POLO CAPITAL SECURITIZADORA S/A",22160
"439","AFLUENTE TRANSMISSÃO DE ENERGIA ELETRICA S/A",22179
"440","PETRO RIO S.A.",22187
"441","BR INSURANCE CORRETORA DE SEGUROS S.A.",22217
"442","BRASIL PLURAL SECURITIZADORA S.A.",22233
"443","KAROON PETROLEO & GAS SA",22241
"444","OURINVEST SECURITIZADORA S.A.",22250
"445","CONCESSIONARIA AUTO RAPOSO TAVARES SA-CART",22268
"446","ÁPICE SECURITIZADORA S.A.",22276
"447","MCM CIMENTOS S.A.",22284
"448","STEIN SP II PARTICIPAÇÕES S.A.",22292
"449","RAIA SA",22306
"450","RJ CAPITAL PARTNERS S.A.",22330
"451","AREZZO INDÚSTRIA E COMERCIO S/A",22349
"452","SONAE SIERRA BRASIL S/A",22357
"453","QGEP PARTICIPAÇÕES SA",22365
"454","AUTOMETAL S/A",22381
"455","OCTANTE SECURITIZADORA SA",22390
"456","IGUA SANEAMENTO S.A.",23175
"457","CONCESSIONÁRIA DAS RODOVIAS AYRTON SENNA E CARVALHO PINTO S/A-ECOPISTAS",22411
"458","TRX SECURITIZADORA S.A.",22420
"459","INTERNATIONAL MEAL COMPANY HOLDINGS, SA",22438
"460","T4F ENTRETENIMENTO SA",22454
"461","MAGAZINE LUIZA SA",22470
"462","FORTE SECURITIZADORA S.A.",22489
"463","QUALICORP SA",22497
"464","BRASIL PHARMA SA",22500
"465","TECHNOS SA",22519
"466","PERENCO PETRÓLEO E GÁS DO BRASIL PARTICIPAÇÕES S/A",22527
"467","COPERSUCAR SA",22535
"468","VIARONDON CONCESSIONÁRIA DE RODOVIA SA",22543
"469","SOMOS EDUCAÇÃO S.A.",22551
"470","INBRANDS SA",22560
"471","HARPIA ÔMEGA PARTICIPAÇÕES S.A.",22578
"472","MLOG S.A.",22586
"473","STATKRAFT ENERGIAS RENOVÁVEIS S.A.",22594
"474","EMPREENDIMENTOS PAGUE MENOS SA",22608
"475","BANCO BTG PACTUAL S/A",22616
"476","BELEZA PARTICIPAÇÕES SA",22632
"477","NISA PARTICIPAÇÕES SA",22640
"478","NOAH PARTICIPAÇÕES SA",22659
"479","NAOMI PARTICIPAÇÕES SA",22667
"480","HIDROVIAS DO BRASIL S.A.",22675
"481","CACHOEIRA PAULISTA TRANSMISSORA DE ENERGIA SA",22683
"482","COMPANHIA DE LOCAÇÃO DAS AMERICAS",22691
"483","BRASIL TRAVEL TURISMO E PARTICIPAÇÕES S/A",22705
"484","CONCESSIONARIA RODOVIAS TIETE SA",22721
"485","GAIA AGRO SECURITIZADORA S.A.",22764
"486","VIGOR ALIMENTOS S.A.",22772
"487","UNICASA INDÚSTRIA DE MÓVEIS S.A.",22780
"488","SENIOR SOLUTION S.A.",22799
"489","REIT SECURITIZADORA DE RECEBIVEIS IMOBILIÁRIOS S/A",22802
"490","BIOSEV S.A.",22845
"491","FRIGOL FOODS PARTICIPAÇÕES S.A.",22853
"492","MBK SECURITIZADORA S/A",22861
"493","MGI - MINAS GERAIS PARTICIPAÇÕES S.A.",22942
"494","AR CAPITAL SECURITIES COMPANHIA SECURITIZADORA S.A.",22950
"495","FERREIRA GOMES ENERGIA S.A.",22977
"496","NORTEC QUIMICA S.A.",22985
"497","LIGHT ENERGIA S.A.",23000
"498","LINX S.A.",23035
"499","TRIÂNGULO DO SOL AUTO-ESTRADAS S.A.",23060
"500","BPMB I PARTICIPAÇÕES S.A.",23108
"501","BSI CAPITAL SECURITIZADORA S.A.",23132
"502","SMILES S.A.",23140
"503","BB SEGURIDADE PARTICIPAÇÕES S.A.",23159
"504","RODOVIAS DAS COLINAS S.A.",23167
"505","ALTUS SISTEMA DE AUTOMAÇÃO S.A.",23183
"506","BR TOWERS SPE1 S.A.",23205
"507","SER EDUCACIONAL S.A.",23221
"508","RAÍZEN ENERGIA S.A.",23230
"509","ANIMA HOLDING S/A",23248
"510","AMBEV S.A.",23264
"511","LOG COMMERCIAL PROPERTIES E PARTICIPAÇÕES S.A.",23272
"512","OURO VERDE LOCAÇÃO E SERVIÇO S.A.",23280
"513","JP PARTICIPAÇÕES S.A.",23299
"514","QUALITY SOFTWARE S.A.",23302
"515","CVC BRASIL OPERADORA E AGÊNCIA DE VIAGENS SA",23310
"516","TERMELÉTRICA PERNAMBUCO III S.A.",23329
"517","SCCI - SECURITIZADORA DE CRÉDITOS IMOBILIÁRIOS S.A.",23337
"518","SANTO ANTONIO ENERGIA S.A.",23388
"519","OMEGA GERAÇÃO S.A.",23426
"520","LIBRA TERMINAL RIO S.A. - EM RECUPERAÇÃO JUDICIAL",23434
"521","AGUAS GUARIROBA S.A.",23442
"522","RUMO LOGÍSTICA OPERADORA MULTIMODAL S.A.",23450
"523","PROLAGOS S.A. - CONCESSIONÁRIA DE SERVIÇOS PÚBLICOS DE ÁGUA E ESGOTO",23469
"524","LOGOS COMPANHIA SECURITIZADORA S/A",23477
"525","COSAN LOGÍSTICA S.A.",23485
"526","DOMMO ENERGIA S.A.",23493
"527","OURO FINO SAÚDE ANIMAL PARTICIPAÇÕES S.A.",23507
"528","CONC. DO AEROPORTO INTERNACIONAL DE GUARULHOS S.A.",23515
"529","PORTO SUDESTE V.M. S.A.",23523
"530","SALUS INFRAESTRUTURA PORTUÁRIA S.A.",23540
"531","INTERNATIONAL MEAL COMPANY ALIMENTAÇÃO S.A.",23574
"532","WIZ SOLUÇÕES E CORRETAGEM DE SEGUROS S.A.",23590
"533","YOU INC INCORPORADORA E PARTICIPAÇÕES S.A.",23604
"534","MAESTRO LOCADORA DE VEÍCULOS S.A.",23612
"535","BR HOME CENTERS S.A.",23710
"536","PRÁTICA PARTICIPAÇÕES S.A.",23728
"537","FORNO DE MINAS ALIMENTOS S.A.",23736
"538","RENOVA COMP. SECURITIZ. DE CRÉDITOS FINANC. S.A.",23744
"539","REAG SECURITIES - SECURITIZADORA DE CRÉDITOS S/A",23760
"540","BS&C EMPREENDIMENTOS E PARTICIPAÇÕES S.A.",23779
"541","COMPANHIA DE SANEAMENTO DO TOCANTINS - SANEATINS",23809
"542","BRQ SOLUÇÕES EM INFORMÁTICA S.A.",23817
"543","MOVIDA PARTICIPAÇÕES S.A.",23825
"544","SUGOI INCORPORADORA E CONSTRUTORA S.A.",23957
"545","CINESYSTEM S.A.",23965
"546","CTC - CENTRO DE TECNOLOGIA CANAVIEIRA S.A.",23981
"547","VERT COMPANHIA SECURITIZADORA",23990
"548","NCF PARTICIPAÇÕES S.A.",24015
"549","GAIA CRED SECURITIZADORA DE CRÉDITOS FINANCEIROS S.A.",24040
"550","CENTRO DE IMAGEM DIAGNÓSTICOS S.A.",24058
"551","TCP - TERMINAL DE CONTÊINERES DE PARANAGUÁ S.A.",24066
"552","INSTITUTO HERMES PARDINI S/A",24090
"553","CONCESSIONÁRIA DA RODOVIA MG-050 S.A.",24104
"554","AZUL S.A.",24112
"555","PACIFIC RDSL PARTICIPAÇÕES S.A.",24163
"556","ATACADÃO S.A.",24171
"557","IRB - BRASIL RESSEGUROS S.A.",24180
"558","STARA S.A. - INDÚSTRIA DE IMPLEMENTOS AGRÍCOLAS",24201
"559","CAMIL ALIMENTOS S/A",24228
"560","PRINER SERVIÇOS INDUSTRIAIS S.A.",24236
"561","SMILES FIDELIDADE S.A.",24252
"562","SMARTFIT ESCOLA DE GINÁSTICA E DANÇA S.A.",24260
"563","INTER CONSTRUTORA E INCORPORADORA S.A",24279
"564","CELULOSE IRANI SA",2429
"565","PETROBRAS DISTRIBUIDORA SA",24295
"566","BK BRASIL OPERAÇÃO E ASSESSORIA A RESTAURANTES S.A.",24317
"567","ENTREVIAS CONCESSIONÁRIA DE RODOVIAS S.A.",24341
"568","FLEX GESTÃO DE RELACIONAMENTO S.A.",24350
"569","CENTRAIS ELETRICAS BRASILEIRAS SA",2437
"570","NOTRE DAME INTERMÉDICA PARTICIPAÇÕES S.A.",24384
"571","HAPVIDA PARTICIPAÇÕES E INVESTIMENTOS S.A.",24392
"572","BANCO INTER S.A.",24406
"573","EQUATORIAL TRANSMISSORA 7 SPE S.A.",24457
"574","BANCO AGIBANK S.A.",NA
"575","EQUATORIAL TRANSMISSORA 8 SPE S.A.",24481
"576","SABER SERVIÇOS EDUCACIONAIS S.A.",24490
"577","AMALFI EMPREENDIMENTOS E PARTICIPAÇÕES S.A.",24503
"578","CIA ENERG MINAS GERAIS - CEMIG",2453
"579","CENTRAIS ELETRICAS DE SANTA CATARINA S.A",2461
"580","CERAMICA CHIARELLI SA - EM RECUPERAÇÃO JUDICIAL",2488
"581","CESP - COMPANHIA ENERGÉTICA DE SÃO PAULO",2577
"582","CIA CACIQUE CAFE SOLUVEL",2909
"583","AMPLA ENERGIA E SERVIÇOS S.A.",3050
"584","CIA FERRO LIGAS BAHIA FERBASA",3069
"585","COMPANHIA DE FIACAO E TECIDOS CEDRO E CACHOEIRA",3077
"586","CIA SEGUROS ALIANCA BAHIA",3115
"587","CIA TECIDOS NORTE DE MINAS - COTEMINAS",3158
"588","CIA DOCAS DE IMBITUBA",3174
"589","DOCAS INVESTIMENTOS SA",3182
"590","REDE ENERGIA PARTICIPAÇÕES S.A.",3190
"591","CIA ESTADUAL DE GERACAO E TRANSMISSAO DE ENERGIA ELETRICA",3204
"592","COMPANHIIA HABITASUL DE PARTICIPAÇÕES",3298
"593","CIA. IGUAÇU DE CAFÉ SOLÚVEL",3336
"594","COMPANHIA INDUSTRIAL CATAGUASES",3395
"595","CIA INDL SCHLOSSER SA - EM RECUPERAÇÃO JUDICIAL",3549
"596","COMPANHIA  MELHORAMENTOS DE SÃO PAULO",3654
"597","COMPANHIA PAULISTA DE FORCA LUZ - CPFL",3824
"598","FINANCEIRA ALFA S.A.- C.F.I",3891
"599","GERDAU S.A.",3980
"600","CIA SIDERURGICA NACIONAL",4030
"601","SOUZA CRUZ SA",4057
"602","CIA TECIDOS SANTANENSE",4081
"603","KARSTEN SA",4146
"604","VALE S.A.",4170
"605","ELEKEIROZ S/A",4359
"606","COBRASMA SA",4448
"607","GRAZZIOTIN SA",4537
"608","CONFAB INDUSTRIAL SA",4650
"609","GUARARAPES CONFECÇÕES SA",4669
"610","CONSERVAS ODERICH SA",4693
"611","CONSORCIO ALFA DE ADMINISTRAÇÃO SA",4707
"612","CONST ADOLPHO LINDENBERG SA",4723
"613","CONSTRUTORA BETER SA",4758
"614","CONST LIX DA CUNHA SA",4774
"615","MENDES JUNIOR ENGENHARIA SA",4782
"616","BRASKEM S.A.",4820
"617","CORREA RIBEIRO SA COM IND",4863
"618","DOHLER S.A.",5207
"619","RAIA DROGASIL S.A.",5258
"620","MUNDIAL S.A - PRODUTOS DE CONSUMO",5312
"621","ELECTRO AÇO ALTONA S/A",5380
"622","WEG SA",5410
"623","ENERGISA MATO GROSSO DO SUL - DISTRIBUIDORA DE ENERGIA S/A",5576
"624","ETERNIT S.A.- EM RECUPERAÇÃO JUDICIAL",5762
"625","EUCATEX SA IND E COMERCIO",5770
"626","MASSA FALIDA DA FÁBRICA DE TECIDOS CARLOS RENAUX S.A.",5827
"627","FIACAO E TECELAGEM SAO JOSE S/A - EM RECUPERAÇÃO JUDICIAL",5983
"628","VICUNHA TEXTIL SA",5991
"629","FIBAM CIA INDUSTRIAL - EM RECUPERAÇÃO JUDICIAL",6017
"630","INVESTIMENTOS BEMGE S.A.",6041
"631","FINANSINOS S/A-CRÉDITO, FINAN. E INVEST.",6076
"632","FORJAS TAURUS SA",6173
"633","FRAS-LE SA",6211
"634","TUPY SA",6343
"635","GAZOLA SA INDÚSTRIA METALURGICA",6378
"636","VIA VAREJO S.A.",6505
"637","HERCULES S/A - FABRICA DE TALHERES",6629
"638","HOTEIS OTHON SA",6700
"639","IGB ELETRÔNICA S.A. - EM RECUPERAÇÃO JUDICIAL",6815
"640","BAHEMA SA",701
"641","INDÚSTRIAS ROMI S.A.",7510
"642","TÊXTIL RENAUXVIEW S/A",7544
"643","INEPAR SA IND E CONSTRUÇÕES - EM RECUPERAÇÃO JUDICIAL",7595
"644","ITAÚSA - INVESTIMENTOS ITAÚ S.A.",7617
"645","JOAO FORTES ENGENHARIA SA",7811
"646","KEPLER WEBER SA",7870
"647","LARK SA MAQ E EQUIPAMENTOS(Massa Falida Administrada Judicialmente p/Soc.Advogados Mandel Advocacia)",7978
"648","LIGHT SERVIÇOS DE ELETRICIDADE SA",8036
"649","LOJAS AMERICANAS SA",8087
"650","LOJAS HERING SA",8117
"651","LOJAS RENNER SA",8133
"652","TREVISA  INVESTIMENTOS SA",8192
"653","MANGELS INDUSTRIAL S.A.",8397
"654","MANUFATURA DE  BRINQUEDOS ESTRELA SA",8427
"655","MARCOPOLO SA",8451
"656","MARISOL SA",8486
"657","MERCANTIL DO BR FINC SA CFI",8540
"658","MAHLE METAL LEVE S.A.",8575
"659","METALGRAFICA IGUACU SA",8605
"660","METALURGICA DUQUE SA - EM RECUPERAÇÃO JUDICIAL",8648
"661","METALURGICA GERDAU SA",8656
"662","JEREISSATI PARTICIPAÇÕES S/A",8672
"663","METISA METALÚRGICA  TIMBOENSE SA",8753
"664","MINASMAQUINAS SA",8818
"665","MONTEIRO ARANHA SA",8893
"666","NADIR FIGUEIREDO IND E COM SA",9040
"667","BANCO BRADESCO S.A.",906
"668","SUZANO HOLDING S.A.",9067
"669","NORDON INDS METALURGICAS SA",9083
"670","BANCO DA AMAZÔNIA S.A.",922
"671","DIMED SA DISTRIBUIDORA DE MEDICAMENTOS",9342
"672","PARANAPANEMA SA",9393
"673","PANATLANTICA SA",94
"674","SÃO PAULO TURISMO S. A.",9415
"675","PETRÓLEO BRASILEIRO  S.A.  - PETROBRAS",9512
"676","PETTENATI SA IND TEXTIL",9539
"677","PRONOR PETROQUIMICA SA",9784
"678","QGN PARTICIPAÇÕES SA",9857
"679","ALFA HOLDINGS SA",9954
"680","REFINARIA PET MANGUINHOS SA",9989
